-- MySQL dump 10.13  Distrib 5.5.39, for osx10.6 (i386)
--
-- Host: localhost    Database: codecepty-symphonycms-db
-- ------------------------------------------------------
-- Server version	5.5.39

/*!40101 SET @OLD_CHARACTER_SET_CLIENT=@@CHARACTER_SET_CLIENT */;
/*!40101 SET @OLD_CHARACTER_SET_RESULTS=@@CHARACTER_SET_RESULTS */;
/*!40101 SET @OLD_COLLATION_CONNECTION=@@COLLATION_CONNECTION */;
/*!40101 SET NAMES utf8 */;
/*!40103 SET @OLD_TIME_ZONE=@@TIME_ZONE */;
/*!40103 SET TIME_ZONE='+00:00' */;
/*!40014 SET @OLD_UNIQUE_CHECKS=@@UNIQUE_CHECKS, UNIQUE_CHECKS=0 */;
/*!40014 SET @OLD_FOREIGN_KEY_CHECKS=@@FOREIGN_KEY_CHECKS, FOREIGN_KEY_CHECKS=0 */;
/*!40101 SET @OLD_SQL_MODE=@@SQL_MODE, SQL_MODE='NO_AUTO_VALUE_ON_ZERO' */;
/*!40111 SET @OLD_SQL_NOTES=@@SQL_NOTES, SQL_NOTES=0 */;

--
-- Table structure for table `sym_authors`
--

DROP TABLE IF EXISTS `sym_authors`;
/*!40101 SET @saved_cs_client     = @@character_set_client */;
/*!40101 SET character_set_client = utf8 */;
CREATE TABLE `sym_authors` (
  `id` int(11) unsigned NOT NULL AUTO_INCREMENT,
  `username` varchar(20) COLLATE utf8_unicode_ci NOT NULL DEFAULT '',
  `password` varchar(150) COLLATE utf8_unicode_ci NOT NULL,
  `first_name` varchar(100) COLLATE utf8_unicode_ci DEFAULT NULL,
  `last_name` varchar(100) COLLATE utf8_unicode_ci DEFAULT NULL,
  `email` varchar(255) COLLATE utf8_unicode_ci DEFAULT NULL,
  `last_seen` datetime DEFAULT '0000-00-00 00:00:00',
  `user_type` enum('author','manager','developer') COLLATE utf8_unicode_ci NOT NULL DEFAULT 'author',
  `primary` enum('yes','no') COLLATE utf8_unicode_ci NOT NULL DEFAULT 'no',
  `default_area` varchar(255) COLLATE utf8_unicode_ci DEFAULT NULL,
  `auth_token_active` enum('yes','no') COLLATE utf8_unicode_ci NOT NULL DEFAULT 'no',
  `language` varchar(15) COLLATE utf8_unicode_ci DEFAULT NULL,
  PRIMARY KEY (`id`),
  UNIQUE KEY `username` (`username`),
  UNIQUE KEY `email` (`email`)
) ENGINE=MyISAM AUTO_INCREMENT=2 DEFAULT CHARSET=utf8 COLLATE=utf8_unicode_ci;
/*!40101 SET character_set_client = @saved_cs_client */;

--
-- Dumping data for table `sym_authors`
--

LOCK TABLES `sym_authors` WRITE;
/*!40000 ALTER TABLE `sym_authors` DISABLE KEYS */;
INSERT INTO `sym_authors` VALUES (1,'admin','PBKDF2v1|10000|cc51dde5655b80d4218d|JMrDi72PuOtAeXVXLOz2b5UZiRogrIKKYHgNXEA4C2qlH2jNMzY+Ag==','admin','admin','dave@veodesign.co.uk','2015-10-29 01:23:01','developer','yes',NULL,'no',NULL);
/*!40000 ALTER TABLE `sym_authors` ENABLE KEYS */;
UNLOCK TABLES;

--
-- Table structure for table `sym_cache`
--

DROP TABLE IF EXISTS `sym_cache`;
/*!40101 SET @saved_cs_client     = @@character_set_client */;
/*!40101 SET character_set_client = utf8 */;
CREATE TABLE `sym_cache` (
  `id` int(11) unsigned NOT NULL AUTO_INCREMENT,
  `hash` varchar(32) COLLATE utf8_unicode_ci NOT NULL DEFAULT '',
  `creation` int(14) NOT NULL DEFAULT '0',
  `expiry` int(14) unsigned DEFAULT NULL,
  `data` longtext COLLATE utf8_unicode_ci NOT NULL,
  PRIMARY KEY (`id`),
  KEY `expiry` (`expiry`),
  KEY `hash` (`hash`)
) ENGINE=MyISAM DEFAULT CHARSET=utf8 COLLATE=utf8_unicode_ci;
/*!40101 SET character_set_client = @saved_cs_client */;

--
-- Dumping data for table `sym_cache`
--

LOCK TABLES `sym_cache` WRITE;
/*!40000 ALTER TABLE `sym_cache` DISABLE KEYS */;
/*!40000 ALTER TABLE `sym_cache` ENABLE KEYS */;
UNLOCK TABLES;

--
-- Table structure for table `sym_entries`
--

DROP TABLE IF EXISTS `sym_entries`;
/*!40101 SET @saved_cs_client     = @@character_set_client */;
/*!40101 SET character_set_client = utf8 */;
CREATE TABLE `sym_entries` (
  `id` int(11) unsigned NOT NULL AUTO_INCREMENT,
  `section_id` int(11) unsigned NOT NULL,
  `author_id` int(11) unsigned NOT NULL,
  `creation_date` datetime NOT NULL,
  `creation_date_gmt` datetime NOT NULL,
  `modification_date` datetime NOT NULL,
  `modification_date_gmt` datetime NOT NULL,
  PRIMARY KEY (`id`),
  KEY `section_id` (`section_id`),
  KEY `author_id` (`author_id`),
  KEY `creation_date` (`creation_date`),
  KEY `creation_date_gmt` (`creation_date_gmt`),
  KEY `modification_date` (`modification_date`),
  KEY `modification_date_gmt` (`modification_date_gmt`)
) ENGINE=MyISAM AUTO_INCREMENT=2 DEFAULT CHARSET=utf8 COLLATE=utf8_unicode_ci;
/*!40101 SET character_set_client = @saved_cs_client */;

--
-- Dumping data for table `sym_entries`
--

LOCK TABLES `sym_entries` WRITE;
/*!40000 ALTER TABLE `sym_entries` DISABLE KEYS */;
INSERT INTO `sym_entries` VALUES (1,1,1,'2015-10-29 01:04:06','2015-10-29 01:04:06','2015-10-29 01:04:17','2015-10-29 01:04:17');
/*!40000 ALTER TABLE `sym_entries` ENABLE KEYS */;
UNLOCK TABLES;

--
-- Table structure for table `sym_entries_data_1`
--

DROP TABLE IF EXISTS `sym_entries_data_1`;
/*!40101 SET @saved_cs_client     = @@character_set_client */;
/*!40101 SET character_set_client = utf8 */;
CREATE TABLE `sym_entries_data_1` (
  `id` int(11) unsigned NOT NULL AUTO_INCREMENT,
  `entry_id` int(11) unsigned NOT NULL,
  `handle` varchar(255) COLLATE utf8_unicode_ci DEFAULT NULL,
  `value` varchar(255) COLLATE utf8_unicode_ci DEFAULT NULL,
  PRIMARY KEY (`id`),
  UNIQUE KEY `entry_id` (`entry_id`),
  KEY `handle` (`handle`),
  KEY `value` (`value`)
) ENGINE=MyISAM AUTO_INCREMENT=3 DEFAULT CHARSET=utf8 COLLATE=utf8_unicode_ci;
/*!40101 SET character_set_client = @saved_cs_client */;

--
-- Dumping data for table `sym_entries_data_1`
--

LOCK TABLES `sym_entries_data_1` WRITE;
/*!40000 ALTER TABLE `sym_entries_data_1` DISABLE KEYS */;
INSERT INTO `sym_entries_data_1` VALUES (2,1,'james','James');
/*!40000 ALTER TABLE `sym_entries_data_1` ENABLE KEYS */;
UNLOCK TABLES;

--
-- Table structure for table `sym_entries_data_2`
--

DROP TABLE IF EXISTS `sym_entries_data_2`;
/*!40101 SET @saved_cs_client     = @@character_set_client */;
/*!40101 SET character_set_client = utf8 */;
CREATE TABLE `sym_entries_data_2` (
  `id` int(11) unsigned NOT NULL AUTO_INCREMENT,
  `entry_id` int(11) unsigned NOT NULL,
  `handle` varchar(255) COLLATE utf8_unicode_ci DEFAULT NULL,
  `value` varchar(255) COLLATE utf8_unicode_ci DEFAULT NULL,
  PRIMARY KEY (`id`),
  UNIQUE KEY `entry_id` (`entry_id`),
  KEY `handle` (`handle`),
  KEY `value` (`value`)
) ENGINE=MyISAM AUTO_INCREMENT=3 DEFAULT CHARSET=utf8 COLLATE=utf8_unicode_ci;
/*!40101 SET character_set_client = @saved_cs_client */;

--
-- Dumping data for table `sym_entries_data_2`
--

LOCK TABLES `sym_entries_data_2` WRITE;
/*!40000 ALTER TABLE `sym_entries_data_2` DISABLE KEYS */;
INSERT INTO `sym_entries_data_2` VALUES (2,1,'bond','Bond');
/*!40000 ALTER TABLE `sym_entries_data_2` ENABLE KEYS */;
UNLOCK TABLES;

--
-- Table structure for table `sym_entries_data_3`
--

DROP TABLE IF EXISTS `sym_entries_data_3`;
/*!40101 SET @saved_cs_client     = @@character_set_client */;
/*!40101 SET character_set_client = utf8 */;
CREATE TABLE `sym_entries_data_3` (
  `id` int(11) unsigned NOT NULL AUTO_INCREMENT,
  `entry_id` int(11) unsigned NOT NULL,
  `value` varchar(80) COLLATE utf8_unicode_ci DEFAULT NULL,
  `date` datetime DEFAULT NULL,
  PRIMARY KEY (`id`),
  UNIQUE KEY `entry_id` (`entry_id`),
  KEY `value` (`value`),
  KEY `date` (`date`)
) ENGINE=MyISAM AUTO_INCREMENT=3 DEFAULT CHARSET=utf8 COLLATE=utf8_unicode_ci;
/*!40101 SET character_set_client = @saved_cs_client */;

--
-- Dumping data for table `sym_entries_data_3`
--

LOCK TABLES `sym_entries_data_3` WRITE;
/*!40000 ALTER TABLE `sym_entries_data_3` DISABLE KEYS */;
INSERT INTO `sym_entries_data_3` VALUES (2,1,'1980-10-09T00:00:00+01:00','1980-10-08 23:00:00');
/*!40000 ALTER TABLE `sym_entries_data_3` ENABLE KEYS */;
UNLOCK TABLES;

--
-- Table structure for table `sym_entries_data_4`
--

DROP TABLE IF EXISTS `sym_entries_data_4`;
/*!40101 SET @saved_cs_client     = @@character_set_client */;
/*!40101 SET character_set_client = utf8 */;
CREATE TABLE `sym_entries_data_4` (
  `id` int(11) unsigned NOT NULL AUTO_INCREMENT,
  `entry_id` int(11) unsigned NOT NULL,
  `handle` varchar(255) COLLATE utf8_unicode_ci DEFAULT NULL,
  `value` varchar(255) COLLATE utf8_unicode_ci DEFAULT NULL,
  PRIMARY KEY (`id`),
  KEY `entry_id` (`entry_id`),
  KEY `handle` (`handle`),
  KEY `value` (`value`)
) ENGINE=MyISAM AUTO_INCREMENT=5 DEFAULT CHARSET=utf8 COLLATE=utf8_unicode_ci;
/*!40101 SET character_set_client = @saved_cs_client */;

--
-- Dumping data for table `sym_entries_data_4`
--

LOCK TABLES `sym_entries_data_4` WRITE;
/*!40000 ALTER TABLE `sym_entries_data_4` DISABLE KEYS */;
INSERT INTO `sym_entries_data_4` VALUES (4,1,'yellow','Yellow'),(3,1,'red','Red');
/*!40000 ALTER TABLE `sym_entries_data_4` ENABLE KEYS */;
UNLOCK TABLES;

--
-- Table structure for table `sym_entries_data_5`
--

DROP TABLE IF EXISTS `sym_entries_data_5`;
/*!40101 SET @saved_cs_client     = @@character_set_client */;
/*!40101 SET character_set_client = utf8 */;
CREATE TABLE `sym_entries_data_5` (
  `id` int(11) unsigned NOT NULL AUTO_INCREMENT,
  `entry_id` int(11) unsigned NOT NULL,
  `value` enum('yes','no') COLLATE utf8_unicode_ci NOT NULL DEFAULT 'no',
  PRIMARY KEY (`id`),
  UNIQUE KEY `entry_id` (`entry_id`),
  KEY `value` (`value`)
) ENGINE=MyISAM AUTO_INCREMENT=3 DEFAULT CHARSET=utf8 COLLATE=utf8_unicode_ci;
/*!40101 SET character_set_client = @saved_cs_client */;

--
-- Dumping data for table `sym_entries_data_5`
--

LOCK TABLES `sym_entries_data_5` WRITE;
/*!40000 ALTER TABLE `sym_entries_data_5` DISABLE KEYS */;
INSERT INTO `sym_entries_data_5` VALUES (2,1,'yes');
/*!40000 ALTER TABLE `sym_entries_data_5` ENABLE KEYS */;
UNLOCK TABLES;

--
-- Table structure for table `sym_entries_data_6`
--

DROP TABLE IF EXISTS `sym_entries_data_6`;
/*!40101 SET @saved_cs_client     = @@character_set_client */;
/*!40101 SET character_set_client = utf8 */;
CREATE TABLE `sym_entries_data_6` (
  `id` int(11) unsigned NOT NULL AUTO_INCREMENT,
  `entry_id` int(11) unsigned NOT NULL,
  `handle` varchar(255) COLLATE utf8_unicode_ci DEFAULT NULL,
  `value` varchar(255) COLLATE utf8_unicode_ci DEFAULT NULL,
  PRIMARY KEY (`id`),
  UNIQUE KEY `entry_id` (`entry_id`),
  KEY `handle` (`handle`),
  KEY `value` (`value`)
) ENGINE=MyISAM DEFAULT CHARSET=utf8 COLLATE=utf8_unicode_ci;
/*!40101 SET character_set_client = @saved_cs_client */;

--
-- Dumping data for table `sym_entries_data_6`
--

LOCK TABLES `sym_entries_data_6` WRITE;
/*!40000 ALTER TABLE `sym_entries_data_6` DISABLE KEYS */;
/*!40000 ALTER TABLE `sym_entries_data_6` ENABLE KEYS */;
UNLOCK TABLES;

--
-- Table structure for table `sym_entries_data_7`
--

DROP TABLE IF EXISTS `sym_entries_data_7`;
/*!40101 SET @saved_cs_client     = @@character_set_client */;
/*!40101 SET character_set_client = utf8 */;
CREATE TABLE `sym_entries_data_7` (
  `id` int(11) unsigned NOT NULL AUTO_INCREMENT,
  `entry_id` int(11) unsigned NOT NULL,
  `relation_id` int(11) unsigned DEFAULT NULL,
  PRIMARY KEY (`id`),
  KEY `entry_id` (`entry_id`),
  KEY `relation_id` (`relation_id`)
) ENGINE=MyISAM DEFAULT CHARSET=utf8 COLLATE=utf8_unicode_ci;
/*!40101 SET character_set_client = @saved_cs_client */;

--
-- Dumping data for table `sym_entries_data_7`
--

LOCK TABLES `sym_entries_data_7` WRITE;
/*!40000 ALTER TABLE `sym_entries_data_7` DISABLE KEYS */;
/*!40000 ALTER TABLE `sym_entries_data_7` ENABLE KEYS */;
UNLOCK TABLES;

--
-- Table structure for table `sym_entries_data_8`
--

DROP TABLE IF EXISTS `sym_entries_data_8`;
/*!40101 SET @saved_cs_client     = @@character_set_client */;
/*!40101 SET character_set_client = utf8 */;
CREATE TABLE `sym_entries_data_8` (
  `id` int(11) unsigned NOT NULL AUTO_INCREMENT,
  `entry_id` int(11) unsigned NOT NULL,
  `value` varchar(80) COLLATE utf8_unicode_ci DEFAULT NULL,
  `date` datetime DEFAULT NULL,
  PRIMARY KEY (`id`),
  UNIQUE KEY `entry_id` (`entry_id`),
  KEY `value` (`value`),
  KEY `date` (`date`)
) ENGINE=MyISAM DEFAULT CHARSET=utf8 COLLATE=utf8_unicode_ci;
/*!40101 SET character_set_client = @saved_cs_client */;

--
-- Dumping data for table `sym_entries_data_8`
--

LOCK TABLES `sym_entries_data_8` WRITE;
/*!40000 ALTER TABLE `sym_entries_data_8` DISABLE KEYS */;
/*!40000 ALTER TABLE `sym_entries_data_8` ENABLE KEYS */;
UNLOCK TABLES;

--
-- Table structure for table `sym_extensions`
--

DROP TABLE IF EXISTS `sym_extensions`;
/*!40101 SET @saved_cs_client     = @@character_set_client */;
/*!40101 SET character_set_client = utf8 */;
CREATE TABLE `sym_extensions` (
  `id` int(11) NOT NULL AUTO_INCREMENT,
  `name` varchar(255) COLLATE utf8_unicode_ci NOT NULL DEFAULT '',
  `status` enum('enabled','disabled') COLLATE utf8_unicode_ci NOT NULL DEFAULT 'enabled',
  `version` varchar(20) COLLATE utf8_unicode_ci NOT NULL,
  PRIMARY KEY (`id`),
  KEY `name` (`name`)
) ENGINE=MyISAM AUTO_INCREMENT=9 DEFAULT CHARSET=utf8 COLLATE=utf8_unicode_ci;
/*!40101 SET character_set_client = @saved_cs_client */;

--
-- Dumping data for table `sym_extensions`
--

LOCK TABLES `sym_extensions` WRITE;
/*!40000 ALTER TABLE `sym_extensions` DISABLE KEYS */;
INSERT INTO `sym_extensions` VALUES (1,'xssfilter','enabled','1.2'),(2,'debugdevkit','enabled','1.2.4'),(3,'export_ensemble','enabled','2.0.3'),(4,'jit_image_manipulation','enabled','1.21'),(5,'maintenance_mode','enabled','1.7'),(6,'markdown','enabled','1.17'),(7,'profiledevkit','enabled','1.4'),(8,'selectbox_link_field','enabled','1.29');
/*!40000 ALTER TABLE `sym_extensions` ENABLE KEYS */;
UNLOCK TABLES;

--
-- Table structure for table `sym_extensions_delegates`
--

DROP TABLE IF EXISTS `sym_extensions_delegates`;
/*!40101 SET @saved_cs_client     = @@character_set_client */;
/*!40101 SET character_set_client = utf8 */;
CREATE TABLE `sym_extensions_delegates` (
  `id` int(11) unsigned NOT NULL AUTO_INCREMENT,
  `extension_id` int(11) NOT NULL,
  `page` varchar(100) COLLATE utf8_unicode_ci NOT NULL,
  `delegate` varchar(100) COLLATE utf8_unicode_ci NOT NULL,
  `callback` varchar(100) COLLATE utf8_unicode_ci NOT NULL,
  PRIMARY KEY (`id`),
  KEY `extension_id` (`extension_id`),
  KEY `page` (`page`),
  KEY `delegate` (`delegate`)
) ENGINE=MyISAM AUTO_INCREMENT=18 DEFAULT CHARSET=utf8 COLLATE=utf8_unicode_ci;
/*!40101 SET character_set_client = @saved_cs_client */;

--
-- Dumping data for table `sym_extensions_delegates`
--

LOCK TABLES `sym_extensions_delegates` WRITE;
/*!40000 ALTER TABLE `sym_extensions_delegates` DISABLE KEYS */;
INSERT INTO `sym_extensions_delegates` VALUES (1,1,'/blueprints/events/new/','AppendEventFilter','appendEventFilter'),(2,1,'/blueprints/events/edit/','AppendEventFilter','appendEventFilter'),(3,1,'/frontend/','EventPreSaveFilter','eventPreSaveFilter'),(4,2,'/frontend/','FrontendDevKitResolve','frontendDevKitResolve'),(5,2,'/frontend/','ManipulateDevKitNavigation','manipulateDevKitNavigation'),(6,3,'/system/preferences/','AddCustomPreferenceFieldsets','appendPreferences'),(7,4,'/system/preferences/','AddCustomPreferenceFieldsets','appendPreferences'),(8,4,'/system/preferences/','Save','__SavePreferences'),(9,5,'/system/preferences/','AddCustomPreferenceFieldsets','appendPreferences'),(10,5,'/system/preferences/','Save','__SavePreferences'),(11,5,'/system/preferences/','CustomActions','__toggleMaintenanceMode'),(12,5,'/backend/','AppendPageAlert','__appendAlert'),(13,5,'/blueprints/pages/','AppendPageContent','__appendType'),(14,5,'/frontend/','FrontendPrePageResolve','__checkForMaintenanceMode'),(15,5,'/frontend/','FrontendParamsResolve','__addParam'),(16,7,'/frontend/','FrontendDevKitResolve','frontendDevKitResolve'),(17,7,'/frontend/','ManipulateDevKitNavigation','manipulateDevKitNavigation');
/*!40000 ALTER TABLE `sym_extensions_delegates` ENABLE KEYS */;
UNLOCK TABLES;

--
-- Table structure for table `sym_fields`
--

DROP TABLE IF EXISTS `sym_fields`;
/*!40101 SET @saved_cs_client     = @@character_set_client */;
/*!40101 SET character_set_client = utf8 */;
CREATE TABLE `sym_fields` (
  `id` int(11) unsigned NOT NULL AUTO_INCREMENT,
  `label` varchar(255) COLLATE utf8_unicode_ci NOT NULL,
  `element_name` varchar(50) COLLATE utf8_unicode_ci NOT NULL,
  `type` varchar(32) COLLATE utf8_unicode_ci NOT NULL,
  `parent_section` int(11) NOT NULL DEFAULT '0',
  `required` enum('yes','no') COLLATE utf8_unicode_ci NOT NULL DEFAULT 'yes',
  `sortorder` int(11) NOT NULL DEFAULT '1',
  `location` enum('main','sidebar') COLLATE utf8_unicode_ci NOT NULL DEFAULT 'main',
  `show_column` enum('yes','no') COLLATE utf8_unicode_ci NOT NULL DEFAULT 'no',
  PRIMARY KEY (`id`),
  KEY `index` (`element_name`,`type`,`parent_section`)
) ENGINE=MyISAM AUTO_INCREMENT=9 DEFAULT CHARSET=utf8 COLLATE=utf8_unicode_ci;
/*!40101 SET character_set_client = @saved_cs_client */;

--
-- Dumping data for table `sym_fields`
--

LOCK TABLES `sym_fields` WRITE;
/*!40000 ALTER TABLE `sym_fields` DISABLE KEYS */;
INSERT INTO `sym_fields` VALUES (1,'First Name','first-name','input',1,'no',0,'main','yes'),(2,'Last Name','last-name','input',1,'no',1,'main','yes'),(3,'Date of Birth','date-of-birth','date',1,'no',2,'sidebar','yes'),(4,'Favourite Colour','favourite-colour','select',1,'no',3,'sidebar','yes'),(5,'Cool','cool','checkbox',1,'no',4,'sidebar','yes'),(6,'Name','name','input',2,'no',0,'main','yes'),(7,'Owner','owner','selectbox_link',2,'yes',1,'main','no'),(8,'Born','born','date',2,'no',2,'sidebar','yes');
/*!40000 ALTER TABLE `sym_fields` ENABLE KEYS */;
UNLOCK TABLES;

--
-- Table structure for table `sym_fields_author`
--

DROP TABLE IF EXISTS `sym_fields_author`;
/*!40101 SET @saved_cs_client     = @@character_set_client */;
/*!40101 SET character_set_client = utf8 */;
CREATE TABLE `sym_fields_author` (
  `id` int(11) unsigned NOT NULL AUTO_INCREMENT,
  `field_id` int(11) unsigned NOT NULL,
  `allow_multiple_selection` enum('yes','no') COLLATE utf8_unicode_ci NOT NULL DEFAULT 'no',
  `default_to_current_user` enum('yes','no') COLLATE utf8_unicode_ci NOT NULL,
  `author_types` varchar(255) COLLATE utf8_unicode_ci DEFAULT NULL,
  PRIMARY KEY (`id`),
  UNIQUE KEY `field_id` (`field_id`)
) ENGINE=MyISAM DEFAULT CHARSET=utf8 COLLATE=utf8_unicode_ci;
/*!40101 SET character_set_client = @saved_cs_client */;

--
-- Dumping data for table `sym_fields_author`
--

LOCK TABLES `sym_fields_author` WRITE;
/*!40000 ALTER TABLE `sym_fields_author` DISABLE KEYS */;
/*!40000 ALTER TABLE `sym_fields_author` ENABLE KEYS */;
UNLOCK TABLES;

--
-- Table structure for table `sym_fields_checkbox`
--

DROP TABLE IF EXISTS `sym_fields_checkbox`;
/*!40101 SET @saved_cs_client     = @@character_set_client */;
/*!40101 SET character_set_client = utf8 */;
CREATE TABLE `sym_fields_checkbox` (
  `id` int(11) unsigned NOT NULL AUTO_INCREMENT,
  `field_id` int(11) unsigned NOT NULL,
  `default_state` enum('on','off') COLLATE utf8_unicode_ci NOT NULL DEFAULT 'on',
  `description` varchar(255) COLLATE utf8_unicode_ci DEFAULT NULL,
  PRIMARY KEY (`id`),
  KEY `field_id` (`field_id`)
) ENGINE=MyISAM AUTO_INCREMENT=2 DEFAULT CHARSET=utf8 COLLATE=utf8_unicode_ci;
/*!40101 SET character_set_client = @saved_cs_client */;

--
-- Dumping data for table `sym_fields_checkbox`
--

LOCK TABLES `sym_fields_checkbox` WRITE;
/*!40000 ALTER TABLE `sym_fields_checkbox` DISABLE KEYS */;
INSERT INTO `sym_fields_checkbox` VALUES (1,5,'off',NULL);
/*!40000 ALTER TABLE `sym_fields_checkbox` ENABLE KEYS */;
UNLOCK TABLES;

--
-- Table structure for table `sym_fields_date`
--

DROP TABLE IF EXISTS `sym_fields_date`;
/*!40101 SET @saved_cs_client     = @@character_set_client */;
/*!40101 SET character_set_client = utf8 */;
CREATE TABLE `sym_fields_date` (
  `id` int(11) unsigned NOT NULL AUTO_INCREMENT,
  `field_id` int(11) unsigned NOT NULL,
  `pre_populate` enum('yes','no') COLLATE utf8_unicode_ci NOT NULL DEFAULT 'no',
  PRIMARY KEY (`id`),
  KEY `field_id` (`field_id`)
) ENGINE=MyISAM AUTO_INCREMENT=4 DEFAULT CHARSET=utf8 COLLATE=utf8_unicode_ci;
/*!40101 SET character_set_client = @saved_cs_client */;

--
-- Dumping data for table `sym_fields_date`
--

LOCK TABLES `sym_fields_date` WRITE;
/*!40000 ALTER TABLE `sym_fields_date` DISABLE KEYS */;
INSERT INTO `sym_fields_date` VALUES (2,3,'no'),(3,8,'yes');
/*!40000 ALTER TABLE `sym_fields_date` ENABLE KEYS */;
UNLOCK TABLES;

--
-- Table structure for table `sym_fields_input`
--

DROP TABLE IF EXISTS `sym_fields_input`;
/*!40101 SET @saved_cs_client     = @@character_set_client */;
/*!40101 SET character_set_client = utf8 */;
CREATE TABLE `sym_fields_input` (
  `id` int(11) unsigned NOT NULL AUTO_INCREMENT,
  `field_id` int(11) unsigned NOT NULL,
  `validator` varchar(255) COLLATE utf8_unicode_ci DEFAULT NULL,
  PRIMARY KEY (`id`),
  KEY `field_id` (`field_id`)
) ENGINE=MyISAM AUTO_INCREMENT=6 DEFAULT CHARSET=utf8 COLLATE=utf8_unicode_ci;
/*!40101 SET character_set_client = @saved_cs_client */;

--
-- Dumping data for table `sym_fields_input`
--

LOCK TABLES `sym_fields_input` WRITE;
/*!40000 ALTER TABLE `sym_fields_input` DISABLE KEYS */;
INSERT INTO `sym_fields_input` VALUES (3,1,NULL),(4,2,NULL),(5,6,NULL);
/*!40000 ALTER TABLE `sym_fields_input` ENABLE KEYS */;
UNLOCK TABLES;

--
-- Table structure for table `sym_fields_select`
--

DROP TABLE IF EXISTS `sym_fields_select`;
/*!40101 SET @saved_cs_client     = @@character_set_client */;
/*!40101 SET character_set_client = utf8 */;
CREATE TABLE `sym_fields_select` (
  `id` int(11) unsigned NOT NULL AUTO_INCREMENT,
  `field_id` int(11) unsigned NOT NULL,
  `allow_multiple_selection` enum('yes','no') COLLATE utf8_unicode_ci NOT NULL DEFAULT 'no',
  `show_association` enum('yes','no') COLLATE utf8_unicode_ci NOT NULL DEFAULT 'yes',
  `sort_options` enum('yes','no') COLLATE utf8_unicode_ci NOT NULL DEFAULT 'no',
  `static_options` text COLLATE utf8_unicode_ci,
  `dynamic_options` int(11) unsigned DEFAULT NULL,
  PRIMARY KEY (`id`),
  KEY `field_id` (`field_id`)
) ENGINE=MyISAM AUTO_INCREMENT=2 DEFAULT CHARSET=utf8 COLLATE=utf8_unicode_ci;
/*!40101 SET character_set_client = @saved_cs_client */;

--
-- Dumping data for table `sym_fields_select`
--

LOCK TABLES `sym_fields_select` WRITE;
/*!40000 ALTER TABLE `sym_fields_select` DISABLE KEYS */;
INSERT INTO `sym_fields_select` VALUES (1,4,'yes','no','no','Red,Yellow,Green',NULL);
/*!40000 ALTER TABLE `sym_fields_select` ENABLE KEYS */;
UNLOCK TABLES;

--
-- Table structure for table `sym_fields_selectbox_link`
--

DROP TABLE IF EXISTS `sym_fields_selectbox_link`;
/*!40101 SET @saved_cs_client     = @@character_set_client */;
/*!40101 SET character_set_client = utf8 */;
CREATE TABLE `sym_fields_selectbox_link` (
  `id` int(11) unsigned NOT NULL AUTO_INCREMENT,
  `field_id` int(11) unsigned NOT NULL,
  `allow_multiple_selection` enum('yes','no') COLLATE utf8_unicode_ci NOT NULL DEFAULT 'no',
  `show_association` enum('yes','no') COLLATE utf8_unicode_ci NOT NULL DEFAULT 'yes',
  `hide_when_prepopulated` enum('yes','no') COLLATE utf8_unicode_ci NOT NULL DEFAULT 'no',
  `related_field_id` varchar(255) COLLATE utf8_unicode_ci NOT NULL,
  `limit` int(4) unsigned NOT NULL DEFAULT '20',
  PRIMARY KEY (`id`),
  KEY `field_id` (`field_id`)
) ENGINE=MyISAM AUTO_INCREMENT=2 DEFAULT CHARSET=utf8 COLLATE=utf8_unicode_ci;
/*!40101 SET character_set_client = @saved_cs_client */;

--
-- Dumping data for table `sym_fields_selectbox_link`
--

LOCK TABLES `sym_fields_selectbox_link` WRITE;
/*!40000 ALTER TABLE `sym_fields_selectbox_link` DISABLE KEYS */;
INSERT INTO `sym_fields_selectbox_link` VALUES (1,7,'no','yes','no','1',20);
/*!40000 ALTER TABLE `sym_fields_selectbox_link` ENABLE KEYS */;
UNLOCK TABLES;

--
-- Table structure for table `sym_fields_taglist`
--

DROP TABLE IF EXISTS `sym_fields_taglist`;
/*!40101 SET @saved_cs_client     = @@character_set_client */;
/*!40101 SET character_set_client = utf8 */;
CREATE TABLE `sym_fields_taglist` (
  `id` int(11) unsigned NOT NULL AUTO_INCREMENT,
  `field_id` int(11) unsigned NOT NULL,
  `validator` varchar(255) COLLATE utf8_unicode_ci DEFAULT NULL,
  `pre_populate_source` varchar(15) COLLATE utf8_unicode_ci DEFAULT NULL,
  PRIMARY KEY (`id`),
  KEY `field_id` (`field_id`),
  KEY `pre_populate_source` (`pre_populate_source`)
) ENGINE=MyISAM DEFAULT CHARSET=utf8 COLLATE=utf8_unicode_ci;
/*!40101 SET character_set_client = @saved_cs_client */;

--
-- Dumping data for table `sym_fields_taglist`
--

LOCK TABLES `sym_fields_taglist` WRITE;
/*!40000 ALTER TABLE `sym_fields_taglist` DISABLE KEYS */;
/*!40000 ALTER TABLE `sym_fields_taglist` ENABLE KEYS */;
UNLOCK TABLES;

--
-- Table structure for table `sym_fields_textarea`
--

DROP TABLE IF EXISTS `sym_fields_textarea`;
/*!40101 SET @saved_cs_client     = @@character_set_client */;
/*!40101 SET character_set_client = utf8 */;
CREATE TABLE `sym_fields_textarea` (
  `id` int(11) unsigned NOT NULL AUTO_INCREMENT,
  `field_id` int(11) unsigned NOT NULL,
  `formatter` varchar(100) COLLATE utf8_unicode_ci DEFAULT NULL,
  `size` int(3) unsigned NOT NULL,
  PRIMARY KEY (`id`),
  KEY `field_id` (`field_id`)
) ENGINE=MyISAM DEFAULT CHARSET=utf8 COLLATE=utf8_unicode_ci;
/*!40101 SET character_set_client = @saved_cs_client */;

--
-- Dumping data for table `sym_fields_textarea`
--

LOCK TABLES `sym_fields_textarea` WRITE;
/*!40000 ALTER TABLE `sym_fields_textarea` DISABLE KEYS */;
/*!40000 ALTER TABLE `sym_fields_textarea` ENABLE KEYS */;
UNLOCK TABLES;

--
-- Table structure for table `sym_fields_upload`
--

DROP TABLE IF EXISTS `sym_fields_upload`;
/*!40101 SET @saved_cs_client     = @@character_set_client */;
/*!40101 SET character_set_client = utf8 */;
CREATE TABLE `sym_fields_upload` (
  `id` int(11) unsigned NOT NULL AUTO_INCREMENT,
  `field_id` int(11) unsigned NOT NULL,
  `destination` varchar(255) COLLATE utf8_unicode_ci NOT NULL,
  `validator` varchar(255) COLLATE utf8_unicode_ci DEFAULT NULL,
  PRIMARY KEY (`id`),
  KEY `field_id` (`field_id`)
) ENGINE=MyISAM DEFAULT CHARSET=utf8 COLLATE=utf8_unicode_ci;
/*!40101 SET character_set_client = @saved_cs_client */;

--
-- Dumping data for table `sym_fields_upload`
--

LOCK TABLES `sym_fields_upload` WRITE;
/*!40000 ALTER TABLE `sym_fields_upload` DISABLE KEYS */;
/*!40000 ALTER TABLE `sym_fields_upload` ENABLE KEYS */;
UNLOCK TABLES;

--
-- Table structure for table `sym_forgotpass`
--

DROP TABLE IF EXISTS `sym_forgotpass`;
/*!40101 SET @saved_cs_client     = @@character_set_client */;
/*!40101 SET character_set_client = utf8 */;
CREATE TABLE `sym_forgotpass` (
  `author_id` int(11) NOT NULL DEFAULT '0',
  `token` varchar(6) COLLATE utf8_unicode_ci NOT NULL,
  `expiry` varchar(25) COLLATE utf8_unicode_ci NOT NULL,
  PRIMARY KEY (`author_id`)
) ENGINE=MyISAM DEFAULT CHARSET=utf8 COLLATE=utf8_unicode_ci;
/*!40101 SET character_set_client = @saved_cs_client */;

--
-- Dumping data for table `sym_forgotpass`
--

LOCK TABLES `sym_forgotpass` WRITE;
/*!40000 ALTER TABLE `sym_forgotpass` DISABLE KEYS */;
/*!40000 ALTER TABLE `sym_forgotpass` ENABLE KEYS */;
UNLOCK TABLES;

--
-- Table structure for table `sym_pages`
--

DROP TABLE IF EXISTS `sym_pages`;
/*!40101 SET @saved_cs_client     = @@character_set_client */;
/*!40101 SET character_set_client = utf8 */;
CREATE TABLE `sym_pages` (
  `id` int(11) unsigned NOT NULL AUTO_INCREMENT,
  `parent` int(11) DEFAULT NULL,
  `title` varchar(255) COLLATE utf8_unicode_ci NOT NULL DEFAULT '',
  `handle` varchar(255) COLLATE utf8_unicode_ci DEFAULT NULL,
  `path` varchar(255) COLLATE utf8_unicode_ci DEFAULT NULL,
  `params` varchar(255) COLLATE utf8_unicode_ci DEFAULT NULL,
  `data_sources` text COLLATE utf8_unicode_ci,
  `events` text COLLATE utf8_unicode_ci,
  `sortorder` int(11) NOT NULL DEFAULT '0',
  PRIMARY KEY (`id`),
  KEY `parent` (`parent`)
) ENGINE=MyISAM AUTO_INCREMENT=2 DEFAULT CHARSET=utf8 COLLATE=utf8_unicode_ci;
/*!40101 SET character_set_client = @saved_cs_client */;

--
-- Dumping data for table `sym_pages`
--

LOCK TABLES `sym_pages` WRITE;
/*!40000 ALTER TABLE `sym_pages` DISABLE KEYS */;
INSERT INTO `sym_pages` VALUES (1,NULL,'Home','home',NULL,NULL,NULL,NULL,1);
/*!40000 ALTER TABLE `sym_pages` ENABLE KEYS */;
UNLOCK TABLES;

--
-- Table structure for table `sym_pages_types`
--

DROP TABLE IF EXISTS `sym_pages_types`;
/*!40101 SET @saved_cs_client     = @@character_set_client */;
/*!40101 SET character_set_client = utf8 */;
CREATE TABLE `sym_pages_types` (
  `id` int(11) unsigned NOT NULL AUTO_INCREMENT,
  `page_id` int(11) unsigned NOT NULL,
  `type` varchar(50) COLLATE utf8_unicode_ci NOT NULL,
  PRIMARY KEY (`id`),
  KEY `page_id` (`page_id`,`type`)
) ENGINE=MyISAM AUTO_INCREMENT=2 DEFAULT CHARSET=utf8 COLLATE=utf8_unicode_ci;
/*!40101 SET character_set_client = @saved_cs_client */;

--
-- Dumping data for table `sym_pages_types`
--

LOCK TABLES `sym_pages_types` WRITE;
/*!40000 ALTER TABLE `sym_pages_types` DISABLE KEYS */;
INSERT INTO `sym_pages_types` VALUES (1,1,'index');
/*!40000 ALTER TABLE `sym_pages_types` ENABLE KEYS */;
UNLOCK TABLES;

--
-- Table structure for table `sym_sections`
--

DROP TABLE IF EXISTS `sym_sections`;
/*!40101 SET @saved_cs_client     = @@character_set_client */;
/*!40101 SET character_set_client = utf8 */;
CREATE TABLE `sym_sections` (
  `id` int(11) unsigned NOT NULL AUTO_INCREMENT,
  `name` varchar(255) COLLATE utf8_unicode_ci NOT NULL DEFAULT '',
  `handle` varchar(255) COLLATE utf8_unicode_ci NOT NULL,
  `sortorder` int(11) NOT NULL DEFAULT '0',
  `hidden` enum('yes','no') COLLATE utf8_unicode_ci NOT NULL DEFAULT 'no',
  `navigation_group` varchar(255) COLLATE utf8_unicode_ci NOT NULL DEFAULT 'Content',
  PRIMARY KEY (`id`),
  UNIQUE KEY `handle` (`handle`)
) ENGINE=MyISAM AUTO_INCREMENT=3 DEFAULT CHARSET=utf8 COLLATE=utf8_unicode_ci;
/*!40101 SET character_set_client = @saved_cs_client */;

--
-- Dumping data for table `sym_sections`
--

LOCK TABLES `sym_sections` WRITE;
/*!40000 ALTER TABLE `sym_sections` DISABLE KEYS */;
INSERT INTO `sym_sections` VALUES (1,'People','people',1,'no','Content'),(2,'Dogs','dogs',2,'no','Content');
/*!40000 ALTER TABLE `sym_sections` ENABLE KEYS */;
UNLOCK TABLES;

--
-- Table structure for table `sym_sections_association`
--

DROP TABLE IF EXISTS `sym_sections_association`;
/*!40101 SET @saved_cs_client     = @@character_set_client */;
/*!40101 SET character_set_client = utf8 */;
CREATE TABLE `sym_sections_association` (
  `id` int(11) unsigned NOT NULL AUTO_INCREMENT,
  `parent_section_id` int(11) unsigned NOT NULL,
  `parent_section_field_id` int(11) unsigned DEFAULT NULL,
  `child_section_id` int(11) unsigned NOT NULL,
  `child_section_field_id` int(11) unsigned NOT NULL,
  `hide_association` enum('yes','no') COLLATE utf8_unicode_ci NOT NULL DEFAULT 'no',
  PRIMARY KEY (`id`),
  KEY `parent_section_id` (`parent_section_id`,`child_section_id`,`child_section_field_id`)
) ENGINE=MyISAM AUTO_INCREMENT=2 DEFAULT CHARSET=utf8 COLLATE=utf8_unicode_ci;
/*!40101 SET character_set_client = @saved_cs_client */;

--
-- Dumping data for table `sym_sections_association`
--

LOCK TABLES `sym_sections_association` WRITE;
/*!40000 ALTER TABLE `sym_sections_association` DISABLE KEYS */;
INSERT INTO `sym_sections_association` VALUES (1,1,1,2,7,'no');
/*!40000 ALTER TABLE `sym_sections_association` ENABLE KEYS */;
UNLOCK TABLES;

--
-- Table structure for table `sym_sessions`
--

DROP TABLE IF EXISTS `sym_sessions`;
/*!40101 SET @saved_cs_client     = @@character_set_client */;
/*!40101 SET character_set_client = utf8 */;
CREATE TABLE `sym_sessions` (
  `session` varchar(100) COLLATE utf8_unicode_ci NOT NULL,
  `session_expires` int(10) unsigned NOT NULL DEFAULT '0',
  `session_data` text COLLATE utf8_unicode_ci,
  PRIMARY KEY (`session`),
  KEY `session_expires` (`session_expires`)
) ENGINE=MyISAM DEFAULT CHARSET=utf8 COLLATE=utf8_unicode_ci;
/*!40101 SET character_set_client = @saved_cs_client */;

--
-- Dumping data for table `sym_sessions`
--

LOCK TABLES `sym_sessions` WRITE;
/*!40000 ALTER TABLE `sym_sessions` DISABLE KEYS */;
INSERT INTO `sym_sessions` VALUES ('6rtt1qpl50ca8qnos6240qe2l3',1446081781,'sym-|a:2:{s:8:\"username\";s:5:\"admin\";s:4:\"pass\";s:92:\"PBKDF2v1|10000|cc51dde5655b80d4218d|JMrDi72PuOtAeXVXLOz2b5UZiRogrIKKYHgNXEA4C2qlH2jNMzY+Ag==\";}');
/*!40000 ALTER TABLE `sym_sessions` ENABLE KEYS */;
UNLOCK TABLES;
/*!40103 SET TIME_ZONE=@OLD_TIME_ZONE */;

/*!40101 SET SQL_MODE=@OLD_SQL_MODE */;
/*!40014 SET FOREIGN_KEY_CHECKS=@OLD_FOREIGN_KEY_CHECKS */;
/*!40014 SET UNIQUE_CHECKS=@OLD_UNIQUE_CHECKS */;
/*!40101 SET CHARACTER_SET_CLIENT=@OLD_CHARACTER_SET_CLIENT */;
/*!40101 SET CHARACTER_SET_RESULTS=@OLD_CHARACTER_SET_RESULTS */;
/*!40101 SET COLLATION_CONNECTION=@OLD_COLLATION_CONNECTION */;
/*!40111 SET SQL_NOTES=@OLD_SQL_NOTES */;

-- Dump completed on 2015-10-29  1:23:18
